0	38912
0	38912
0	39944
0	40012
1	5742
1	38912
2	3430
2	5747
2	39845
3	5806
3	38967
4	40009
5	40014
6	6
6	43
6	53
6	53
6	57
6	57
6	130
6	152
6	177
6	238
6	427
6	698
6	1236
6	1236
6	1720
6	2096
6	2210
6	2210
6	2254
6	2817
6	2950
6	3252
6	3492
6	3525
6	3654
6	3934
6	4158
6	4459
6	4743
6	5331
6	5453
6	5462
6	5612
6	5763
6	5791
6	5814
6	5977
6	19036
6	19041
6	28642
6	28856
6	28962
6	29001
6	30531
6	30550
6	30560
6	30561
6	30563
6	30565
6	30569
6	30569
6	30570
6	30574
6	31533
6	31624
6	33626
6	33880
6	35110
6	38357
6	38912
6	38912
6	38940
6	38940
6	38940
6	38956
6	39069
6	39845
6	39929
6	39934
6	39944
6	39948
6	39951
6	39955
6	39958
6	39958
6	39961
6	39963
6	40015
8	5824
8	39933
8	40008
10	5742
12	30561
12	40016
14	6557
15	38912
15	38912
15	38912
16	53
16	112
16	268
16	410
16	576
16	759
16	959
16	961
16	1068
16	1069
16	1110
16	3331
16	3390
16	3604
16	3653
16	3950
16	4162
16	4164
16	4276
16	4388
16	4830
16	5182
16	5182
16	5416
16	5738
16	5766
16	6040
16	6959
16	7118
16	7407
16	19041
16	26553
16	29007
16	29031
16	30531
16	30531
16	30541
16	30559
16	30560
16	30573
16	30574
16	30574
16	30574
16	33030
16	33039
16	37007
16	38876
16	38912
16	38940
16	38940
16	38967
16	38988
16	39069
16	39792
16	39928
16	39929
16	39937
16	39940
16	39946
16	39957
16	39963
16	39963
16	39987
16	40014
16	40019
16	40022
17	33487
17	40011
17	40023
18	39994
18	40018
19	5821
19	38967
22	38940
22	38940
22	38940
22	38940
22	38967
22	38990
23	38927
23	38940
23	40005
24	961
24	38940
24	38942
24	38967
24	40031
25	5807
25	5813
25	7737
26	29
26	170
26	865
26	961
26	961
26	981
26	1152
26	1237
26	1554
26	1655
26	2322
26	4059
26	4138
26	4146
26	4152
26	4312
26	4691
26	4743
26	4934
26	4934
26	5737
26	5740
26	5743
26	5755
26	5796
26	5798
26	5805
26	6042
26	7978
26	19041
26	29009
26	29022
26	30531
26	30558
26	30560
26	30560
26	30561
26	30565
26	30566
26	30566
26	30566
26	30566
26	30570
26	30571
26	30574
26	33039
26	33626
26	34145
26	38876
26	38940
26	38940
26	38993
26	39002
26	39659
26	39862
26	39928
26	39936
26	39947
26	39959
26	40004
26	40013
26	40024
26	40027
26	40032
27	6557
27	9293
27	38956
28	34145
28	40028
28	40033
29	5609
29	38940
29	38992
30	5760
30	38956
30	40029
32	3604
32	38881
32	40021
33	40034
35	6763
36	44
36	53
36	110
36	119
36	132
36	297
36	338
36	961
36	1143
36	1885
36	2210
36	2900
36	3838
36	3922
36	4050
36	4076
36	4155
36	4163
36	4799
36	4931
36	4939
36	5612
36	5746
36	5758
36	5804
36	6369
36	7407
36	9278
36	26490
36	26490
36	28772
36	28843
36	28999
36	29001
36	29003
36	29005
36	29006
36	30531
36	30550
36	30562
36	30563
36	30565
36	30566
36	30567
36	30569
36	30569
36	30571
36	30571
36	30572
36	30572
36	30573
36	30573
36	30574
36	30574
36	33678
36	35126
36	38089
36	38357
36	38876
36	38886
36	38912
36	38922
36	38940
36	38940
36	38955
36	38958
36	39659
36	39933
36	39936
36	39940
36	39946
36	39948
36	39985
36	40004
36	40026
36	40036
37	5744
37	33646
37	38940
38	28801
38	33626
38	33670
39	5772
39	33670
39	38988
40	38877
40	40035
41	38973
42	5740
42	6129
42	30560
42	40040
44	5823
44	38942
45	38881
45	38942
45	38967
45	38967
45	39939
45	40039
46	44
46	57
46	147
46	152
46	550
46	961
46	981
46	1065
46	1402
46	1715
46	3060
46	3153
46	3430
46	3430
46	3603
46	3951
46	4225
46	4684
46	4699
46	5214
46	5214
46	5613
46	5619
46	5738
46	5741
46	5799
46	5806
46	5994
46	6959
46	7406
46	7738
46	9703
46	18868
46	19092
46	27601
46	29019
46	30531
46	30533
46	30550
46	30558
46	30559
46	30561
46	30561
46	30561
46	30570
46	30570
46	30572
46	30573
46	30574
46	33039
46	37004
46	38882
46	38912
46	38940
46	38988
46	38992
46	39002
46	39658
46	39742
46	39848
46	39929
46	39930
46	39933
46	39934
46	39934
46	39951
46	39952
46	39953
46	39963
46	39963
46	40004
46	40004
46	40014
46	40029
46	40040
47	3298
47	5796
47	9849
47	38894
47	40030
48	5753
49	5759
49	5794
49	5814
50	40041
53	38886
53	38912
53	38967
54	960
54	5744
54	38886
54	40025
54	40046
55	5756
55	5826
55	7101
55	40044
55	40045
55	40050
56	14
56	79
56	79
56	112
56	168
56	264
56	335
56	866
56	961
56	2164
56	2689
56	3298
56	3653
56	3819
56	4169
56	5225
56	5460
56	5637
56	5637
56	5637
56	5740
56	5751
56	5760
56	5764
56	5764
56	5791
56	5794
56	5796
56	5805
56	5807
56	5811
56	5825
56	5994
56	5994
56	5994
56	7101
56	7195
56	7406
56	7851
56	7960
56	9297
56	29003
56	29010
56	30531
56	30531
56	30550
56	30558
56	30558
56	30559
56	30559
56	30559
56	30559
56	30559
56	30561
56	30569
56	30569
56	30570
56	30570
56	30570
56	33039
56	33996
56	36125
56	38912
56	38940
56	38940
56	38963
56	39659
56	39659
56	39927
56	39934
56	39934
56	39945
56	39949
56	39960
56	40019
56	40029
56	40042
56	40044
56	40045
57	40052
58	5825
58	38956
58	40043
59	38955
60	5755
60	33670
60	39939
61	33670
61	38912
61	38940
61	40061
62	39947
62	40061
63	3431
63	40048
63	40050
64	3430
64	5764
64	34176
64	40062
66	53
66	119
66	335
66	959
66	1068
66	3394
66	3629
66	3838
66	4684
66	4830
66	5157
66	5550
66	5612
66	5619
66	5738
66	5772
66	5794
66	5994
66	6620
66	6922
66	6928
66	7195
66	7701
66	7807
66	7960
66	29004
66	29006
66	29013
66	29031
66	30531
66	30558
66	30559
66	30565
66	30566
66	30569
66	30570
66	30570
66	30572
66	30574
66	30574
66	33685
66	35070
66	38942
66	39862
66	39933
66	39936
66	39938
66	39949
66	40004
66	40029
66	40049
66	40061
66	40061
66	40065
67	40045
67	40046
68	5765
68	38894
68	40044
68	40046
68	40051
68	40064
69	40049
69	40051
70	38940
71	24654
71	38940
71	38942
72	5817
72	30567
72	40048
73	5806
73	40045
73	40050
74	38912
74	40046
74	40068
75	5814
76	53
76	177
76	296
76	961
76	3653
76	3653
76	3838
76	3838
76	4144
76	4152
76	4163
76	4166
76	4573
76	4692
76	5453
76	5612
76	5746
76	5751
76	5764
76	5764
76	5769
76	5794
76	5815
76	5819
76	5825
76	5994
76	7406
76	7737
76	7863
76	7960
76	9293
76	9297
76	9297
76	29022
76	29026
76	30541
76	30542
76	30559
76	30559
76	30559
76	30560
76	30564
76	30564
76	30564
76	30564
76	30568
76	30568
76	30568
76	30569
76	30570
76	30571
76	30572
76	30573
76	30573
76	30574
76	33485
76	34001
76	35093
76	39002
76	39738
76	39933
76	39948
76	39959
76	40036
76	40037
76	40046
76	40053
76	40061
76	40061
76	40066
77	961
77	5765
77	38912
77	38940
77	38940
77	39927
77	40061
77	40061
77	40061
77	40069
78	3430
78	5734
78	40066
79	961
79	961
79	4958
79	40062
80	38876
80	38940
80	40056
81	6557
81	40046
82	5744
82	38992
82	40036
83	38876
83	38942
83	40046
83	40061
83	40061
84	3430
84	5753
84	38952
85	38876
85	38912
85	38942
86	51
86	53
86	53
86	98
86	132
86	270
86	429
86	870
86	961
86	1044
86	1068
86	3430
86	3504
86	3629
86	3654
86	4071
86	4150
86	4225
86	4895
86	4932
86	5745
86	5751
86	5756
86	5776
86	5824
86	5994
86	5994
86	7195
86	7425
86	7701
86	7707
86	9293
86	26553
86	29003
86	29005
86	29006
86	29009
86	30533
86	30550
86	30558
86	30559
86	30564
86	30565
86	30566
86	30566
86	30569
86	30570
86	30572
86	30572
86	30573
86	30573
86	30574
86	33042
86	33042
86	36125
86	38912
86	38940
86	38967
86	39069
86	39658
86	39927
86	39935
86	39939
86	39949
86	39949
86	39951
86	39955
86	39959
86	39960
86	39961
86	40015
86	40015
86	40025
86	40036
86	40036
86	40047
86	40061
87	5772
87	38940
87	38942
87	40059
87	40066
88	4059
88	38912
88	38913
88	40036
89	33626
89	38940
89	38940
89	40060
91	3430
91	38912
91	40073
91	40075
93	40036
94	961
94	961
94	40056
96	53
96	93
96	112
96	335
96	960
96	1064
96	1776
96	2322
96	2561
96	3153
96	3371
96	3423
96	3430
96	4059
96	4140
96	4263
96	4830
96	4935
96	5637
96	5734
96	5772
96	5813
96	5819
96	5819
96	5994
96	5994
96	6087
96	6763
96	6954
96	6959
96	6959
96	6985
96	7713
96	9297
96	9859
96	12768
96	19041
96	29006
96	29009
96	30564
96	30571
96	30572
96	30572
96	30572
96	30573
96	30574
96	31607
96	38089
96	38956
96	38956
96	39467
96	39658
96	39929
96	39933
96	39939
96	39942
96	39943
96	39945
96	39952
96	39961
96	39961
96	40014
96	40015
96	40019
96	40046
96	40051
96	40056
96	40066
96	40066
97	5769
98	960
98	33709
99	5816
99	38888
99	38940
100	6985
100	40082
100	40084
101	33626
102	5824
102	39002
102	40066
103	38876
105	39002
105	40051
105	40073
106	53
106	102
106	268
106	269
106	961
106	1064
106	1068
106	1428
106	2215
106	2215
106	2221
106	2322
106	3654
106	3817
106	3834
106	4147
106	4148
106	4169
106	4684
106	4830
106	5637
106	5734
106	5736
106	5753
106	5763
106	5772
106	5806
106	5814
106	6544
106	6928
106	7195
106	7453
106	23978
106	30531
106	30533
106	30558
106	30559
106	30559
106	30561
106	30562
106	30563
106	30564
106	30566
106	30568
106	30569
106	30570
106	30572
106	30573
106	34176
106	38886
106	39610
106	39930
106	39939
106	39950
106	39951
106	40050
106	40051
106	40058
106	40059
106	40060
106	40071
106	40073
106	40073
106	40073
106	40073
106	40083
106	40089
107	6369
107	33646
107	40051
108	38876
108	40067
109	38912
109	38940
109	39002
110	38940
111	38912
112	5796
112	30573
113	24654
114	5822
115	38876
116	14
116	53
116	64
116	152
116	168
116	264
116	297
116	764
116	1178
116	1532
116	3695
116	3838
116	4159
116	4165
116	4770
116	4811
116	5214
116	5388
116	5765
116	5807
116	5817
116	6281
116	6922
116	6928
116	6959
116	6959
116	7737
116	9293
116	19895
116	28726
116	28752
116	28765
116	29009
116	29014
116	29014
116	30531
116	30531
116	30550
116	30561
116	30561
116	30561
116	30569
116	30571
116	30572
116	30572
116	30574
116	31607
116	31618
116	34147
116	36002
116	38357
116	38876
116	38940
116	38967
116	39452
116	39610
116	39792
116	39862
116	39929
116	39940
116	39942
116	39953
116	39957
116	40010
116	40014
116	40019
116	40029
116	40044
116	40048
116	40049
116	40050
116	40051
117	7101
117	38912
117	40048
118	38967
119	5765
119	40004
119	40093
120	5791
120	6476
120	40088
121	5754
121	40085
122	5804
122	6763
122	38912
123	35188
123	40094
124	5769
124	38877
125	38940
125	38956
125	40058
125	40077
125	40092
125	40097
126	53
126	265
126	266
126	268
126	305
126	870
126	1236
126	1439
126	1532
126	3430
126	3625
126	3653
126	3886
126	4206
126	4216
126	4277
126	4301
126	4743
126	4934
126	5165
126	5728
126	5783
126	5799
126	6128
126	6387
126	6557
126	6959
126	6959
126	7701
126	7983
126	28647
126	28957
126	28999
126	30561
126	30563
126	30564
126	30564
126	30566
126	30566
126	30566
126	30568
126	30570
126	30572
126	30572
126	30574
126	30574
126	35126
126	38357
126	38881
126	38912
126	38923
126	38940
126	38940
126	39002
126	39658
126	39792
126	39927
126	39936
126	39938
126	39947
126	39948
126	39952
126	39953
126	39953
126	39959
126	39960
126	40015
126	40044
126	40046
126	40051
126	40091
129	38967
129	40090
129	40095
131	38912
132	5791
132	38911
132	38940
132	38940
133	38967
134	38886
135	35188
135	38984
136	44
136	44
136	53
136	53
136	53
136	152
136	264
136	660
136	961
136	2651
136	2731
136	4146
136	4148
136	4459
136	4736
136	4937
136	4939
136	5151
136	5170
136	5619
136	5743
136	5753
136	5807
136	5826
136	5994
136	6040
136	6936
136	6959
136	6959
136	7406
136	7738
136	8322
136	9796
136	26382
136	29026
136	30531
136	30533
136	30550
136	30559
136	30560
136	30562
136	30563
136	30564
136	30565
136	30565
136	30565
136	30565
136	30567
136	30572
136	30572
136	30573
136	30574
136	34176
136	34176
136	34845
136	38876
136	38940
136	38940
136	38967
136	39002
136	39466
136	39742
136	39929
136	39939
136	39943
136	39946
136	39947
136	39949
136	39951
136	39956
136	39960
136	40004
136	40010
136	40095
136	40096
136	40098
136	40101
136	40101
137	5758
137	5769
137	38912
138	38881
139	5771
140	195
140	33670
141	26932
142	40051
142	40058
142	40095
143	2525
143	38895
143	38940
145	38940
145	39942
146	57
146	57
146	132
146	268
146	961
146	1461
146	2642
146	3430
146	3626
146	3652
146	3959
146	4050
146	4147
146	4290
146	4830
146	4931
146	5637
146	5758
146	5769
146	5804
146	5994
146	6928
146	11221
146	15953
146	18868
146	28999
146	28999
146	29006
146	29019
146	30560
146	30563
146	30564
146	30567
146	30567
146	30570
146	30571
146	30572
146	30572
146	30573
146	30574
146	33042
146	33678
146	33876
146	34145
146	34176
146	37006
146	38876
146	38880
146	38912
146	38940
146	38992
146	39935
146	39939
146	39944
146	39950
146	39951
146	39961
146	39963
146	40029
146	40029
146	40046
146	40077
147	40063
147	40080
148	5736
148	38912
148	38912
149	5754
149	39002
150	5742
150	38940
150	38940
151	34688
151	38940
153	7738
153	40049
154	26972
154	31416
154	40063
154	40078
155	5745
155	38886
155	38922
155	39002
155	39931
156	33
156	53
156	112
156	961
156	981
156	2157
156	2195
156	2210
156	2338
156	3298
156	4149
156	4713
156	4935
156	4935
156	4981
156	5637
156	5742
156	5764
156	5994
156	6952
156	6959
156	6959
156	7101
156	7406
156	9293
156	18867
156	23931
156	27518
156	29005
156	30531
156	30533
156	30558
156	30560
156	30569
156	30570
156	30572
156	30574
156	34086
156	34176
156	38663
156	38912
156	39002
156	39002
156	39069
156	39931
156	39935
156	39936
156	39947
156	39949
156	39951
156	39951
156	39961
156	40010
156	40014
156	40029
156	40029
156	40045
156	40050
156	40061
157	38876
157	38886
157	38990
157	40107
157	40107
158	38940
159	5816
160	34688
160	39862
161	33678
161	38940
161	38967
161	39931
161	40044
161	40044
162	33698
162	40110
163	38940
163	40111
164	33678
164	33678
164	38940
166	53
166	65
166	131
166	152
166	291
166	1042
166	1152
166	1531
166	1719
166	3653
166	3654
166	3817
166	4142
166	4684
166	4708
166	4743
166	4830
166	5001
166	5619
166	5619
166	5755
166	5764
166	5805
166	5807
166	5814
166	5994
166	6272
166	6959
166	6959
166	6985
166	7699
166	7709
166	7738
166	7851
166	9831
166	27508
166	29005
166	30531
166	30550
166	30550
166	30566
166	30568
166	30569
166	30571
166	30571
166	30572
166	30574
166	31521
166	31607
166	31626
166	34559
166	38922
166	39002
166	39454
166	39471
166	39931
166	39932
166	39938
166	39939
166	39942
166	39946
166	39946
166	39948
166	39954
166	39955
166	40046
166	40057
166	40061
166	40061
166	40061
166	40094
166	40095
167	5776
167	30566
167	38940
167	39002
167	39002
169	5764
169	38912
169	40101
170	31626
170	40060
171	38940
171	38940
171	39935
172	39002
172	40109
172	40112
173	26922
173	34967
174	38940
174	38940
174	40105
175	961
175	40105
176	50
176	132
176	194
176	271
176	301
176	903
176	961
176	1237
176	1477
176	3430
176	3430
176	4145
176	4150
176	4162
176	4830
176	4964
176	5637
176	5650
176	5739
176	5740
176	5772
176	5783
176	5807
176	5824
176	5826
176	6040
176	6298
176	6390
176	6557
176	6565
176	6928
176	6928
176	6954
176	6959
176	7118
176	7691
176	7701
176	7702
176	7737
176	9857
176	29010
176	30542
176	30558
176	30559
176	30561
176	30562
176	30562
176	30571
176	30572
176	30572
176	30573
176	30573
176	30573
176	30574
176	30574
176	30574
176	33030
176	34001
176	37007
176	38357
176	39466
176	39742
176	39928
176	39932
176	39939
176	39940
176	39950
176	39953
176	40061
176	40066
176	40084
176	40116
177	38940
178	38940
178	40050
178	40106
179	5822
179	38956
180	38876
181	29216
181	40045
181	40045
181	40045
182	5822
183	38956
183	39002
184	5815
184	6557
184	39002
185	4206
185	5745
185	6557
185	40048
185	40117
186	14
186	53
186	53
186	57
186	110
186	185
186	268
186	297
186	335
186	468
186	1236
186	1237
186	3153
186	3331
186	3685
186	4263
186	4270
186	4617
186	5157
186	5416
186	5756
186	5759
186	5770
186	5776
186	5796
186	5914
186	5994
186	6129
186	7427
186	9293
186	19041
186	19092
186	29006
186	30533
186	30560
186	30565
186	30568
186	30572
186	30572
186	30574
186	33042
186	33499
186	35070
186	36125
186	38882
186	38912
186	39930
186	39944
186	39952
186	39955
186	39955
186	39958
186	39959
186	40029
186	40061
187	5448
187	5821
187	38876
187	38940
188	38876
190	5753
190	5760
190	30564
191	38940
191	38940
192	38940
192	38942
192	38988
193	3607
193	5791
193	38912
193	38942
193	38986
194	33681
194	38956
194	39002
195	38927
196	53
196	268
196	269
196	304
196	1079
196	2106
196	3181
196	3181
196	3431
196	4821
196	4931
196	5604
196	5612
196	5752
196	5795
196	5823
196	6369
196	7101
196	7418
196	7701
196	7863
196	7960
196	27513
196	29019
196	29153
196	30560
196	30560
196	30563
196	30565
196	30565
196	30566
196	30571
196	30571
196	30572
196	37004
196	37004
196	38956
196	39471
196	39636
196	39792
196	39845
196	39932
196	39947
196	39950
196	39959
196	40017
196	40017
196	40029
196	40079
196	40084
196	40087
198	33670
198	38988
199	6922
199	40099
199	40113
200	5214
200	40118
201	5753
201	5770
201	38876
201	38988
202	5799
203	5742
204	38991
205	5806
205	38876
206	70
206	94
206	100
206	168
206	284
206	335
206	961
206	1024
206	1044
206	1056
206	1236
206	1531
206	3035
206	3181
206	3394
206	3592
206	3653
206	4166
206	4657
206	5752
206	5753
206	5796
206	5813
206	5994
206	5994
206	6928
206	6959
206	6985
206	7406
206	12768
206	24654
206	26968
206	27531
206	28499
206	29011
206	29014
206	29014
206	30533
206	30558
206	30558
206	30558
206	30561
206	30564
206	30565
206	30565
206	30566
206	30569
206	30570
206	30570
206	30570
206	30573
206	30573
206	30573
206	30574
206	33030
206	33998
206	34940
206	35126
206	35188
206	35188
206	36097
206	38940
206	38940
206	39658
206	39738
206	39927
206	39929
206	39932
206	39934
206	39935
206	39936
206	39936
206	39939
206	39951
206	39955
206	39963
206	40010
206	40017
206	40084
206	40087
206	40104
207	102
207	35188
207	38940
207	40126
208	30572
209	38912
210	3430
210	5743
210	5804
210	30550
210	38876
210	38876
210	40095
211	5817
212	38956
212	39002
212	39002
213	5744
213	5825
213	26934
214	5811
214	38876
215	40120
216	14
216	33
216	43
216	44
216	238
216	266
216	267
216	866
216	1448
216	1461
216	1532
216	2030
216	2322
216	3653
216	3666
216	4071
216	4154
216	4205
216	5325
216	5734
216	5734
216	5737
216	5795
216	5799
216	5800
216	6029
216	6927
216	6928
216	7195
216	7699
216	7970
216	9704
216	24061
216	29004
216	29004
216	29216
216	30531
216	30542
216	30558
216	30558
216	30560
216	30564
216	30564
216	30569
216	30570
216	30572
216	30573
216	30574
216	31416
216	31521
216	35126
216	38876
216	38876
216	39069
216	39463
216	39659
216	39738
216	39742
216	39933
216	39939
216	39947
216	39948
216	39951
216	39954
216	39955
216	39956
216	39958
216	40061
216	40061
216	40105
218	38988
218	40121
219	5791
